user_id,first_name,last_name,email,phone,address,city,state,zip_code,country,date_joined,is_active,age,gender
U000001,,Hill,brianna92@example.org,342.316.7649x01470,218 Amanda Stravenue Apt. 907,Lake Rachelstad,Washington,87985,Samoa,,True,46,Other
U000002,Jennifer,Martin,"user@domain.com<script>alert(""xss"")</script>",(625)466-4209,2451 Katie Key Apt. 216,East Mary,Maryland,56341,Egypt,2023-09-30,1,teen,1
U000003,,,,,,,,,,,,,
U000004,Anthony,Garza,missingdot@domaincom,001-384-629-1517x4947,850 Michelle Springs,South Ethanchester,Tennessee,16692,Kazakhstan,2024-07-11,False,61,M
U000005,Tara,Anderson,iharris@example.com,999.982.3392x68546,191 Johnson Oval Suite 709,West Kevin,California,07777,Latvia,2025-04-13,True,-61,M
U000006,,,,,,,,,,,,,
U000007,Jeffrey,,morrisjames@example.net,330-800-4135x458,030 Cole Cliff Apt. 407,East Ricky,Nebraska,20573,Comoros,,True,35,F
U000008,Veronica,Kennedy,ipalmer@example.org,123,2190 Nancy Squares,West John,North Dakota,80782,Palau,2024-01-30,True,55,M
U000009,Marissa,Winters,bsalinas@example.org,(896)441-5310,6889 Brian Circle Suite 738,Port Larry,Florida,123,France,2025-05-06,True,38,F
U000010,Donald,Guerrero,carlos26@example.com,478.889.4344x091,362 David Forges Apt. 761,Mosleystad,Florida,60828,Panama,2024-05-03,True,-81,F
U000011,Melissa,Garcia,,363.327.9105,0220 Mccoy Cliff,South Jenniferview,Indiana,44540,India,,True,24,F
U000012,,Johnson,zpineda@example.com,(835)562-0165,820 Francis Bypass,South Andreaton,Vermont,53061,Christmas Island,,False,43,M
U000013,Charles,Mills,"user@domain.com<script>alert(""xss"")</script>",001-967-656-9837x61536,754 Nelson Islands Apt. 873,Jenkinsside,West Virginia,72951,Croatia,2023-12-01,Y,young,Prefer not to say
U000014,Philip,Curry,warrendavid@example.net,001-991-920-9999x034,20447 Oconnell Extensions Apt. 166,Edwardberg,North Carolina,96279,Isle of Man,2024-07-14,False,-35,M
U000015,Jennifer,Gordon,qrodriguez@example.com,+1-524-325-4823x97751,2041 Hicks Bridge,South Michael,Massachusetts,78185,Jamaica,2024-07-04,True,33,Other
U000016,Phyllis,West,"user@domain.com<script>alert(""xss"")</script>",+1-268-722-9371,74959 Willie Mount,Jaredfurt,Montana,79996,Trinidad and Tobago,2024-01-05,no,young,MALE
U000017,James,Johnston,@missinglocal.com,(513)301-4248,50913 Smith Ford Suite 911,Port Elizabeth,Texas,06059,Slovakia (Slovak Republic),2023-11-20,False,77,F
U000018,Donna,Carr,kylekim@example.com,123-456-789-012-345,213 Park Parks Suite 808,East Calvinview,West Virginia,01137,Ecuador,2024-02-03,True,37,Other
U000019,Hannah,Vaughn,christine14@example.com,001-672-208-7699x8614,7429 Christine Curve Apt. 831,Margaretstad,Idaho,08135,Isle of Man,2024-12-12,True,40,Other
U000020,Christine,,triciakline@example.org,+1-693-908-2280,655 Bates Corners Apt. 668,Albertside,Michigan,06728,Trinidad and Tobago,,False,18,F
U000021,Daniel,Allen,"user@domain.com<script>alert(""xss"")</script>",6027918348,7220 Miller Glens,Lake Seth,New Hampshire,03492,Pakistan,2024-11-23,true,old,FEMALE
U000022,,,,,,,,,,,,,
U000023,Brett,Daniels,stevenwilcox@example.net,745-671-8611,58488 Cooper Path,Jennifermouth,New Jersey,1234-567,Martinique,2025-01-11,False,42,M
U000024,,,,,,,,,,,,,
U000025,Mallory,Watson,spaces in@email.com,001-308-638-0909x21055,6703 Simmons Ridges,Hansenshire,Wyoming,77314,Nauru,2024-05-09,False,46,Other
U000026,John,Miller,"user@domain.com<script>alert(""xss"")</script>",+1-475-246-6780x4835,88636 Victoria Club,Port Kevin,Mississippi,98219,Tunisia,2024-02-20,false,teen,1
U000027,Mary,Ford,"user@domain.com<script>alert(""xss"")</script>",001-780-983-6469x978,974 Bell Garden,New Cindychester,Connecticut,47038,Morocco,2025-09-05,true,adult,X
U000028,,,,,,,,,,,,,
U000029,John,Walker,@missinglocal.com,(650)257-1809x86255,05089 Mark River,South Matthewtown,Ohio,90254,Papua New Guinea,2023-10-01,False,57,F
U000030,Susan,Coleman,jason24@example.com,+1-461-643-1798x616,8383 Katrina Mountain,Andersonberg,Virginia,25254,French Polynesia,2025-02-01,False,-14,F
U000031,Edward,Hayes,jennifermartinez@example.org,+1-800-INVALID,57840 Gary Islands Apt. 791,Port Michaelside,Montana,89861,Saint Helena,2024-06-25,False,62,F
U000032,,,,,,,,,,,,,
U000033,,,,,,,,,,,,,
U000034,Steven,Reese,"user@domain.com<script>alert(""xss"")</script>",+1-656-684-4549x054,71799 Joshua Squares Suite 107,Port Pedro,Texas,80226,Ghana,2025-05-09,0,old,Other
U000035,Kristen,Costa,missingdot@domaincom,520.308.8075,18781 Pamela Land,Haynesberg,Texas,16723,Japan,2024-09-01,True,44,F
U000036,Diana,Smith,larry15@example.com,312.897.2479x2792,6604 Singh Common,Port Claudiaborough,Rhode Island,41414,Burkina Faso,2025-07-30,True,39,Other
U000037,Jamie,Flynn,ericahenry@example.com,320.222.5815x2775,154 Baxter Village,North Ronnieton,Kansas,123,Pitcairn Islands,2024-07-29,False,64,M
U000038,Kyle,Mcclain,"user@domain.com<script>alert(""xss"")</script>",4602986660,713 Frank Ranch Suite 893,Howardbury,New Hampshire,67665,Indonesia,2024-05-12,Y,teen,Prefer not to say
U000039,David,Singh,petersonjennifer@example.org,+1-816-386-7965x8144,8651 Melissa Haven Suite 985,Grayton,Connecticut,54586,Kyrgyz Republic,2023-12-05,False,-1,F
U000040,Matthew,Willis,mrodriguez@example.org,123.456.789.012,72502 Andrew Glens Suite 217,Lloydberg,Florida,79899,Switzerland,2023-10-15,True,23,F
U000041,,Ortega,twilliams@example.org,8972339209,310 Mcfarland Club,Nguyenmouth,Wyoming,96242,Ghana,,True,39,F
U000042,,,,,,,,,,,,,
U000043,Madeline,Baxter,thompsonmichael@example.net,+1-533-657-8074x37196,1374 William River Suite 639,North Susanburgh,Hawaii,25879,Madagascar,2024-10-20,True,33,M
U000044,Russell,Hughes,codyvaughn@example.net,860.243.2565x979,352 Fields Trafficway Suite 918,South Jamesbury,Michigan,00000,New Zealand,2024-01-31,True,58,M
U000045,Maria,Henderson,maryhayes@example.net,293.789.8517,80403 Aguilar Parkways Apt. 603,West Michaelshire,Kentucky,48140,Guinea,2025-04-27,False,45,M
U000046,Erin,King,judylee@example.org,2867381768,18358 Steven Vista,Hansenfurt,Ohio,00000,Pitcairn Islands,2024-11-03,True,45,F
U000047,Timothy,Gallagher,,349.935.3718x75506,6967 Norman Plaza,North Megan,Wisconsin,61907,Maldives,,False,59,Other
U000048,Alexandra,Hernandez,missingdot@domaincom,+1-730-688-1149,552 Maria Estate Suite 733,Maryshire,Virginia,24871,Hong Kong,2024-05-08,True,68,Other
U000049,,Jenkins,emilylewis@example.org,(527)968-9684,00292 Adam Court Suite 907,Lambshire,Arkansas,51224,Niue,,False,69,M
U000050,Tanya,Zimmerman,qsmith@example.com,abc-def-ghij,35039 Carlson Pine Apt. 797,Taylorland,Delaware,18779,Cayman Islands,2025-03-26,False,69,Other
U000051,Alison,Hughes,,(957)652-6218,3577 Roberts Haven,Rachaelberg,Tennessee,81354,Sweden,,True,40,F
U000052,Nathan,Robinson,notanemail,(255)342-8910x71017,02516 Martin Highway,East Stevenville,Minnesota,78323,United States of America,2024-12-18,True,44,Other
U000053,Brittany,Lewis,jenniferbrewer@example.com,977-476-5931x9598,02836 Warren Knolls Apt. 733,New Manuel,Arizona,1234567890,Pitcairn Islands,2024-06-10,False,29,Other
U000054,Jacob,Bauer,asanchez@example.org,123,139 Hernandez Flats,Justinfurt,Arkansas,81489,Sri Lanka,2025-06-19,False,79,M
U000055,Susan,Howard,"user@domain.com<script>alert(""xss"")</script>",867.431.4694x393,35974 Soto Ports,Wallaceborough,Connecticut,24083,Monaco,2025-07-02,Y,young,Prefer not to say
U000056,Joseph,Colon,emily07@example.com,12345678901234567890,0473 Johnson Square,Lake Stevenchester,Wisconsin,40165,Isle of Man,2024-04-19,False,50,Other
U000057,Christina,Morales,jmorrison@example.net,abc-def-ghij,638 Park Forest Apt. 624,Dennisport,New Mexico,33599,Belize,2025-05-05,False,47,M
U000058,Zachary,Anderson,molinaemily@example.org,4135945926,5094 Shepherd Stream Apt. 582,Coxhaven,Maryland,19389,Saint Pierre and Miquelon,2023-12-20,False,72,Other
U000059,William,Reid,abarajas@example.net,+1-429-925-6386x491,69997 Philip Inlet,Jonesfurt,North Carolina,78508,Malaysia,2024-09-20,True,42,M
U000060,David,Ortiz,gregory86@example.net,(812)834-3685x479,2777 Sullivan Way,Brownside,Kansas,1234567890,Kuwait,2023-10-26,True,32,F
U000061,Jacqueline,Ross,christopherbarton@example.com,001-938-391-8953x07912,057 Gonzalez Land Suite 560,Hernandeztown,Vermont,62426,Saint Barthelemy,2025-03-14,False,-68,M
U000062,,,,,,,,,,,,,
U000063,David,Giles,blakevaldez@example.org,(924)836-0648x17359,136 Henderson Corners Suite 712,East Charles,Wisconsin,24246,Cote d'Ivoire,2024-10-11,False,18,Other
U000064,Melissa,Gray,,7489342087,05194 Gamble Estates Suite 943,North Wesley,Alaska,74547,Azerbaijan,,True,78,Other
U000065,Eric,White,shari91@example.net,267-938-2473,7652 Regina Shore Suite 724,Lake Justin,Maine,29017,Zambia,2023-09-19,False,61,F
U000066,Krystal,Brown,"user@domain.com<script>alert(""xss"")</script>",+1-476-279-6006x7609,2339 Jeremy Club Suite 512,Juliemouth,Tennessee,33021,Argentina,2024-10-28,yes,adult,X
U000067,,,,,,,,,,,,,
U000068,,,,,,,,,,,,,
U000069,Jeremy,Gomez,double@@domain.com,8253762474,89069 Anthony Isle,North Jean,Kansas,20001,Holy See (Vatican City State),2024-11-14,True,33,Other
U000070,Andrew,Hughes,"user@domain.com<script>alert(""xss"")</script>",887-232-1755,751 Williams Fork Suite 152,East Audrey,Hawaii,04693,Italy,2025-07-02,false,teen,Prefer not to say
U000071,Manuel,Keller,"user@domain.com<script>alert(""xss"")</script>",+1-413-751-4057,34536 Watts Greens,Christinehaven,Alabama,07901,Swaziland,2023-12-16,N,old,2
U000072,,,,,,,,,,,,,
U000073,Frank,Farmer,johnsonashley@example.com,001-388-560-5158x637,6936 Long Pass Apt. 991,Glendashire,Delaware,13553,Spain,2025-01-14,True,-23,M
U000074,Roger,Pacheco,sanderson@example.com,001-432-834-7655x7076,08784 Taylor Union,Langside,Alaska,123,Monaco,2024-05-23,False,71,Other
U000075,Derrick,Henderson,"user@domain.com<script>alert(""xss"")</script>",549-864-4042,8011 Richard Mountain Apt. 857,Audreyside,New York,22797,Togo,2024-06-24,yes,young,2
U000076,,,,,,,,,,,,,
U000077,Mary,,daniel62@example.org,+1-871-797-7899x33022,0605 White Courts Apt. 436,New Jameschester,Arizona,59112,Angola,,True,62,Other
U000078,Timothy,Jones,elizabethdavis@example.org,123-456-789-012-345,6910 Taylor Keys Suite 346,Hallhaven,Maryland,70455,Ghana,2024-12-18,False,25,Other
U000079,,,,,,,,,,,,,
U000080,Jeffrey,Sharp,medinadeanna@example.org,270-855-8048x706,31555 Stein Throughway Apt. 315,North Danielstad,North Carolina,123,United States Minor Outlying Islands,2024-03-02,True,29,F
U000081,Charles,Griffin,brandoncole@example.net,123.456.789.012,841 Michaela Ports,Jordanmouth,South Dakota,80436,British Virgin Islands,2025-06-20,False,77,M
U000082,Patricia,Mendoza,russellangela@example.org,617-875-0364x860,6157 Shannon Route Suite 772,Port Alanview,Georgia,50245,Botswana,2025-01-25,True,-59,M
U000083,Julie,Jones,johnsoncharles@example.net,952.767.9565,40811 Kevin Roads Suite 191,West Kristinatown,Utah,01804,Oman,2024-11-28,False,69,Other
U000084,,,,,,,,,,,,,
U000085,Sara,Vincent,@missinglocal.com,001-268-693-3483x420,633 Santana Brook,Lake Davidville,Louisiana,81857,Jordan,2024-08-04,True,68,M
U000086,Katherine,Lopez,missing@domain,5078635334,588 Williams Junction,New Danny,Mississippi,02447,Malaysia,2024-06-09,True,76,Other
U000087,Amanda,Hardy,notanemail,(680)763-0745,257 Aaron Ridge,Smithside,Massachusetts,95556,Iran,2025-07-22,True,80,M
U000088,Patrick,Peterson,cgonzalez@example.net,270-880-9087,7578 Trevor Isle Suite 121,Lake Coltonside,Alaska,79378,Australia,2024-09-27,True,-42,M
U000089,Jonathan,Ortiz,missingdot@domaincom,001-700-210-1398x16986,38184 Banks Cliff Apt. 417,Currymouth,Georgia,91307,Saint Barthelemy,2024-08-17,True,41,M
U000090,Amber,Barnes,spaces in@email.com,+1-586-653-5711x891,52199 Obrien Island,Lake Erikaside,Tennessee,73604,Kazakhstan,2025-01-14,False,34,Other
U000091,Kari,Zamora,,(258)294-1800x035,896 Sean Crossroad,North Andrewbury,Oklahoma,63643,Cocos (Keeling) Islands,,False,70,F
U000092,Adriana,Mcintyre,"user@domain.com<script>alert(""xss"")</script>",+1-431-496-3407x583,362 Samuel Fork Suite 018,Danielport,Alabama,85039,Czech Republic,2025-08-27,true,young,Other
U000093,,,,,,,,,,,,,
U000094,,,,,,,,,,,,,
U000095,Linda,Smith,dhernandez@example.org,896.515.4041x1887,7925 Patel Passage Suite 358,East Denisehaven,Massachusetts,41975,Zambia,2024-11-23,False,76,F
U000096,Gary,Spencer,kochjames@example.org,abc-def-ghij,0985 Washington Cliffs Apt. 784,Susanberg,New York,97869,Saint Vincent and the Grenadines,2024-02-22,True,28,Other
U000097,Hannah,Patterson,popeantonio@example.org,+1-736-206-4663x30553,2707 Mark Street,Anthonyfort,Florida,1234-567,Ethiopia,2024-02-17,False,76,Other
U000098,Jessica,Long,notanemail,7704211287,76138 Watson Avenue Suite 212,Nixonton,Maryland,81355,Tokelau,2025-07-19,True,66,M
U000099,Albert,Oneill,missing@domain,+1-493-446-9627x210,894 Paul Valleys,South Brenda,Georgia,76252,Armenia,2025-01-03,True,55,F
U000100,Paul,Green,vabbott@example.org,872.967.6953,612 Marshall Islands Suite 326,Williamton,North Carolina,33754,Japan,2025-06-05,False,-81,F
U000101,Ashley,Parker,,470.376.1985x6499,7842 Christine Station,New Lawrencefort,Louisiana,58238,Holy See (Vatican City State),,False,31,F
U000102,Austin,Holmes,hannah99@example.com,+1-967-607-4974x8325,20923 Wilson Coves Suite 439,Albertside,Wyoming,1234567890,Poland,2025-05-20,True,27,M
U000103,David,Mejia,tamirios@example.com,abc-def-ghij,6615 Nichols Forks Apt. 390,Knappshire,Pennsylvania,21673,British Virgin Islands,2024-01-12,True,24,M
U000104,,Sheppard,marvin15@example.org,818-560-5683,1613 Lauren Field Apt. 953,Lake Curtis,Alabama,58489,Israel,,False,34,Other
U000105,,,,,,,,,,,,,
U000106,Michael,,pharris@example.org,+1-734-560-9732x397,6698 Lisa Courts Apt. 193,Websterstad,Maryland,30146,Anguilla,,False,24,F
U000107,Amber,Jones,"user@domain.com<script>alert(""xss"")</script>",+1-571-536-2595x47153,79306 Baird Crescent Apt. 818,South Brandonberg,North Carolina,03083,Netherlands,2025-02-07,Y,old,MALE
U000108,Sheryl,Bowman,gtanner@example.com,(889)289-4797x24898,7405 Rivera Route Suite 790,Cervantesborough,New York,24068,United Kingdom,2024-11-03,True,-15,M
U000109,Robert,Dixon,jillanthony@example.org,001-236-274-1929,6239 Kennedy Drive,New Kellyside,Mississippi,48515,Netherlands,2023-12-05,False,-9,M
U000110,,,,,,,,,,,,,
U000111,Grant,Richards,maryjohnson@example.net,825-288-0447x12940,3877 Woodward Knoll,Rollinstown,Nevada,02399,Benin,2025-01-02,True,-9,F
U000112,Jesus,Mendoza,,356.910.9772,71753 Matthew Ranch Suite 813,Lake Lindahaven,Wisconsin,62942,Slovakia (Slovak Republic),,False,28,M
U000113,Kari,Brown,debramiller@example.org,207-224-0415,7539 Parker Center,South Joanberg,Alaska,1234-567,French Southern Territories,2024-10-29,False,22,M
U000114,Gary,Crosby,"user@domain.com<script>alert(""xss"")</script>",(824)252-9538x146,3835 Daniel Viaduct Apt. 209,South Nicholas,Kentucky,26818,Germany,2024-12-30,no,teen,MALE
U000115,Justin,,peterboyd@example.net,635-836-3755x498,1883 Hicks Villages Apt. 529,Port Brendaview,Arkansas,86990,Congo,,True,48,Other
U000116,Shawn,Clark,"user@domain.com<script>alert(""xss"")</script>",262-888-9501,0028 Shea Bridge,Michaelshire,New Jersey,58876,Samoa,2025-02-14,0,teen,1
U000117,Rachel,Russell,"user@domain.com<script>alert(""xss"")</script>",(382)929-5002,906 Martinez Pike,East Daniel,Arkansas,16626,South Georgia and the South Sandwich Islands,2024-06-12,no,old,Other
U000118,Stephanie,Kennedy,alvarezjessica@example.com,+1-800-INVALID,7155 Alexander Court,West Annette,California,71009,Bahrain,2025-04-10,False,42,Other
U000119,Jill,Holder,oharrell@example.com,001-440-276-2106x43463,8083 Benjamin Tunnel,North Thomaston,New York,88984,Switzerland,2025-01-29,False,-27,Other
U000120,Tiffany,Lee,adamsandrew@example.com,+1-800-INVALID,9439 Galvan Vista Suite 705,Fitzpatrickberg,Delaware,63163,Paraguay,2024-02-04,True,63,F
U000121,Nicole,Kim,,+1-417-569-0424x377,396 Brown Throughway,North Juliastad,California,00861,Estonia,,True,46,Other
U000122,,,,,,,,,,,,,
U000123,Christopher,Arnold,spaces in@email.com,409-924-1533x9064,0147 Jennifer Gardens,East Brittany,Nebraska,15185,Tonga,2023-12-12,False,52,F
U000124,Brandon,,blevinsteresa@example.org,464.550.5664,089 Patricia Prairie Apt. 545,Huntside,Connecticut,60171,Belarus,,False,54,M
U000125,Leslie,Brooks,jenniferhartman@example.com,123,65390 Sparks Islands Apt. 235,Simmonstown,New Hampshire,78466,United Kingdom,2024-07-25,True,57,Other
U000126,Bradley,Walters,bholmes@example.org,001-615-410-4795x73584,3855 Garner Village,North Jefferyburgh,Wyoming,87791,Niger,2025-03-05,True,49,M
U000127,Traci,Joseph,christophercherry@example.com,257-758-8974x0878,92418 Edwards Unions,West Lesliestad,Wyoming,123,China,2023-11-15,True,54,Other
U000128,Eric,,christopher22@example.com,+1-748-747-9019x62030,589 Horn Street Apt. 234,North Michael,Indiana,80766,Turks and Caicos Islands,,True,76,M
U000129,,,,,,,,,,,,,
U000130,Felicia,Durham,clarktyler@example.org,+1-476-473-5685,454 Sharon Crescent Apt. 556,New Brendahaven,Rhode Island,95673,Canada,2024-03-08,False,28,M
U000131,Olivia,Keith,zcase@example.net,948-595-6122,85873 Williams Shoal,Jennifertown,Utah,99622,United Kingdom,2023-09-28,False,-32,F
U000132,,,,,,,,,,,,,
U000133,,,,,,,,,,,,,
U000134,Jonathan,Hayden,taylorstefanie@example.net,(778)713-5834,93928 Bowen Village Suite 975,New Tonyaton,Indiana,30058,Mozambique,2024-04-10,True,25,Other
U000135,,,,,,,,,,,,,
U000136,Patricia,Williams,"user@domain.com<script>alert(""xss"")</script>",(281)396-7031,0040 Chris Center,Lake Johnview,North Dakota,90880,Uruguay,2025-02-22,Y,young,X
U000137,Tiffany,,rebekah36@example.org,921-668-2179x73642,70644 Fitzpatrick Fords,West Kimberly,Oregon,34517,Palau,,False,45,M
U000138,Joseph,Bradford,christophergonzales@example.com,001-871-870-5608,9005 Beard Ferry,New Mark,Indiana,1234-567,Guatemala,2023-09-24,False,42,Other
U000139,Teresa,Acosta,notanemail,001-343-299-6358x2134,5562 Gray Estate,West Teresa,Idaho,23404,Northern Mariana Islands,2023-10-24,False,72,Other
U000140,Brittany,Ross,ronaldsanders@example.org,001-246-818-8695,2398 Anthony Isle,South Kristinland,Kansas,20305,Uruguay,2024-06-03,True,-69,M
U000141,Emily,Garcia,jeremyharrison@example.org,+1-670-420-1205x372,312 Chavez Mission Apt. 608,Matthewhaven,Rhode Island,89418,Cyprus,2025-01-30,True,-11,M
U000142,Carolyn,Anderson,robertvelasquez@example.net,593.539.7773,3852 Heather Fall Suite 056,East Malloryberg,Mississippi,1234-567,Burundi,2024-03-20,True,45,M
U000143,,,,,,,,,,,,,
U000144,Marcia,Shannon,"user@domain.com<script>alert(""xss"")</script>",724.212.2437,12230 Cory Track Suite 891,West Nathaniel,Virginia,31641,Suriname,2025-07-09,no,young,1
U000145,Stacy,Sullivan,jameshaynes@example.com,+1-388-651-0857x91393,85890 James Way,North William,Kansas,43572,Thailand,2024-04-24,True,-14,M
U000146,Kara,Higgins,cmolina@example.com,504-489-8618x62503,7150 Brown Junctions,Margaretfort,Utah,26559,Vanuatu,2024-09-02,False,66,Other
U000147,Patrick,Smith,anthony45@example.com,abc-def-ghij,29429 John Square,Smithburgh,West Virginia,17391,Mongolia,2025-03-30,False,49,Other
U000148,,Sandoval,amy29@example.com,407-902-0789x98753,57639 Felicia View,Michaelton,Arizona,51087,Martinique,,False,32,F
U000149,Jeremy,Nelson,reginawilliams@example.com,+1-321-207-5545x5655,7565 Caitlin Estates Suite 080,Brittanyport,Kentucky,52634,Cote d'Ivoire,2024-08-08,True,55,F
U000150,Nicholas,Roberts,"user@domain.com<script>alert(""xss"")</script>",001-566-940-8888x531,04494 Morales Crossroad,Lake Marystad,New Hampshire,75197,Egypt,2024-05-12,Y,young,MALE
U000151,Christopher,Morales,missingdot@domaincom,001-917-464-6439x7864,3198 Hall Valley,Morganport,Ohio,84155,Afghanistan,2024-11-29,False,66,Other
U000152,Angela,Morris,alex86@example.org,534.477.7467,072 Mata Dale Apt. 036,Port Jayshire,Rhode Island,09962,Northern Mariana Islands,2024-05-25,False,-38,F
U000153,Devon,Dunn,notanemail,+1-653-289-4219x56181,589 Kim Extensions,East Earlfurt,Florida,40624,Australia,2025-03-25,True,63,Other
U000154,Robert,Anderson,"user@domain.com<script>alert(""xss"")</script>",(204)679-1223x1071,27852 Rhonda Plains,Raymondport,Kentucky,70906,Samoa,2023-09-15,yes,teen,FEMALE
U000155,Erin,Olson,leachtroy@example.com,993-499-6105x33499,7781 Bethany Terrace,Spencerhaven,Washington,abcde,Zambia,2023-09-10,True,54,M
U000156,Stephen,Bennett,"user@domain.com<script>alert(""xss"")</script>",+1-722-948-2920x65085,230 Escobar Drive Suite 279,New Crystal,Georgia,65015,Sao Tome and Principe,2025-06-22,no,adult,2
U000157,Richard,James,nicole58@example.com,+1-800-INVALID,91609 Larry Mountains,West Adambury,Oregon,94883,Montserrat,2024-06-11,True,79,Other
U000158,William,,walter24@example.net,670-516-3682,502 Smith Curve Apt. 772,North Allisonberg,Minnesota,20024,Haiti,,False,49,Other
U000159,Jody,Brown,bensondanielle@example.org,abc-def-ghij,54740 Robert Ways,Brittanymouth,Hawaii,95462,Colombia,2025-03-31,True,36,F
U000160,Debra,Haynes,missing@domain,9659844393,916 Rivas Avenue Apt. 763,Port Christopher,Missouri,43663,Israel,2024-12-16,False,26,F
U000161,Patricia,Dougherty,sandyduran@example.net,910-200-9549,825 Morris Junctions,Lawrenceberg,Ohio,72789,Taiwan,2024-09-15,False,72,M
U000162,Carla,,drose@example.net,370-519-8600x08532,5733 Thompson Ports Apt. 445,Marcusbury,Vermont,94952,Antarctica (the territory South of 60 deg S),,True,79,M
U000163,Brian,Johnston,notanemail,001-363-335-1181x338,03126 Brown Harbor Suite 041,Bruceport,Wisconsin,33482,Spain,2024-04-04,True,65,Other
U000164,,,,,,,,,,,,,
U000165,Monica,Bishop,russellmartinez@example.org,001-524-226-7287x5228,8517 Joy Stravenue,Alexanderville,Florida,33875,Sri Lanka,2024-06-20,True,-27,Other
U000166,David,Tate,smithcarolyn@example.net,740.672.7890,2415 Lisa Ramp,Fordstad,Georgia,63226,Congo,2025-08-02,True,40,F
U000167,,Lewis,gward@example.org,907.599.7544,362 Yang Alley Apt. 967,Barryshire,Nevada,18231,Latvia,,False,40,Other
U000168,Sergio,Sawyer,elizabeth42@example.net,12345678901234567890,469 Mariah Isle,Melanieport,Washington,38379,United Arab Emirates,2024-02-26,True,65,Other
U000169,Steven,Harper,ubennett@example.org,(949)206-5540x2209,80726 Murray Gardens,Kathleenborough,Michigan,21844,Guinea-Bissau,2025-07-27,False,-62,M
U000170,Jamie,Jackson,paulchen@example.com,(947)985-6768x3386,260 Johnson Ports Suite 295,North Melanie,Arizona,1234-567,Libyan Arab Jamahiriya,2024-10-24,True,68,F
U000171,Gail,Hall,phillipsmichael@example.org,(623)410-7159,44210 Delgado Garden,Port Jerry,Indiana,17719,Marshall Islands,2025-06-04,True,-10,M
U000172,Robert,Lopez,mcknightantonio@example.com,123-456-789-012-345,755 Pollard Bypass Suite 798,Donaldside,Hawaii,33177,Sri Lanka,2024-03-16,True,46,F
U000173,,Butler,xbennett@example.org,+1-211-367-9217,42136 Alejandro Run Apt. 751,Lake Brittanyhaven,South Dakota,55990,Monaco,,False,43,Other
U000174,,,,,,,,,,,,,
U000175,Denise,,chelseaadams@example.org,2407035426,2294 Hernandez Locks,Laurenburgh,Alaska,23425,Kiribati,,False,51,M
U000176,Stacy,King,"user@domain.com<script>alert(""xss"")</script>",(646)765-0436,2989 Kayla Road,Ashleyborough,Montana,24031,Mayotte,2024-09-02,N,old,1
U000177,Joshua,,jacob28@example.net,(356)247-9095x78018,898 Deborah Port,North Samanthaberg,Ohio,18426,Suriname,,True,25,M
U000178,Kelly,Ford,mendezjohn@example.org,001-219-875-2121x4039,0977 Julie Squares Apt. 387,New Thomas,West Virginia,48291,Greenland,2023-10-26,False,37,Other
U000179,,,,,,,,,,,,,
U000180,Robin,Morrow,"user@domain.com<script>alert(""xss"")</script>",+1-599-258-7527x18094,03291 Nathan Radial,Davidmouth,South Carolina,64102,Bahrain,2025-03-16,false,old,Prefer not to say
U000181,Lisa,Johnson,,+1-779-609-3395x6081,88339 Reyes Harbors,West Patrickmouth,North Carolina,29641,Kyrgyz Republic,,False,34,Other
U000182,Derek,James,"user@domain.com<script>alert(""xss"")</script>",968.400.9491x06342,18348 Danielle Lodge Apt. 441,West Mark,South Carolina,83346,Congo,2024-04-02,1,old,Other
U000183,Andrew,Baker,nrodriguez@example.net,962-616-8555x05986,404 Megan Port Apt. 536,Ryanmouth,New Jersey,81456,Ecuador,2023-10-07,False,-79,Other
U000184,,,,,,,,,,,,,
U000185,Shane,,garrettcraig@example.org,(805)284-6355x5770,17636 Jennifer Street Apt. 461,North Warren,Indiana,55895,French Southern Territories,,True,51,Other
U000186,Christopher,Ball,kelseyray@example.org,611-270-6270x915,232 Singh Inlet,Guzmanchester,Virginia,06192,Bouvet Island (Bouvetoya),2023-10-15,False,-67,Other
U000187,,,,,,,,,,,,,
U000188,Thomas,Wood,"user@domain.com<script>alert(""xss"")</script>",(214)298-5127x84255,7734 Ashley Mountains,West Jessica,Maine,32696,Libyan Arab Jamahiriya,2024-06-13,Y,young,X
U000189,,,,,,,,,,,,,
U000190,John,Gilbert,savannah85@example.org,+1-435-302-4165x175,4445 Cain Club,Rollinshaven,Arkansas,56629,Fiji,2024-07-21,False,-25,M
U000191,Nicole,Vaughn,paigephillips@example.net,(322)550-3400,606 Gregory Fields Suite 733,Kirstenside,Missouri,23269,Estonia,2025-02-09,False,28,F
U000192,Alexis,Donovan,@missinglocal.com,(728)504-0193x038,85302 James River,Wilsonshire,Wisconsin,32977,Ireland,2024-07-26,True,44,F
U000193,Brian,Wall,james05@example.com,(448)504-3508x085,50985 Whitney Dale Apt. 901,North Michaelside,Pennsylvania,96502,Marshall Islands,2024-07-30,True,-8,M
U000194,Jacob,Patterson,sandrabrown@example.org,+1-542-662-5784x7836,20964 Collins Estates Suite 321,East Andrewhaven,Louisiana,10623,Mozambique,2024-11-06,False,-96,Other
U000195,,Brown,turnerkristin@example.net,(980)543-0099x625,758 Garza Valley,New Feliciaborough,Virginia,55802,Macao,,False,36,Other
U000196,Jason,Anderson,chungcrystal@example.org,220-258-5924x0055,906 Melissa Mountain Apt. 927,New Johnton,Utah,1234567890,Saint Lucia,2025-07-10,True,70,Other
U000197,,Doyle,travisrangel@example.net,762.598.4776x3695,9210 Tate Glen Suite 691,East Emily,Nevada,68194,Bahamas,,True,56,M
U000198,Christina,Wilson,geraldtaylor@example.com,12345678901234567890,30932 Jessica Port Suite 849,Cherylland,Oregon,33898,Dominica,2025-03-17,True,29,M
U000199,Alan,Welch,grossantonio@example.net,+1-474-262-5248x06101,07382 Castillo Drive,New Deniseport,Hawaii,20568,Guadeloupe,2023-11-18,False,32,F
U000200,Tammy,,matthewjohnson@example.com,(715)933-7061x685,96401 William Camp Apt. 960,West Matthew,Delaware,25172,Colombia,,False,73,Other
